Date,Article Sentiment,Impact Score,Stock Code
2015-01-01,0.022,71.208,AAPL
2014-12-31,0.259,71.755,AAPL
2014-12-30,0.149,71.21,AAPL
2014-12-29,0.105,71.367,AAPL
2014-12-28,0.155,71.32,AAPL
2014-12-27,-0.561,72.061,AAPL
2014-12-26,0.105,70.818,AAPL
2014-12-25,0.288,70.34,AAPL
2014-12-24,0.18,70.94,AAPL
2014-12-23,0.159,71.167,AAPL
2014-12-22,0.044,70.581,AAPL
2014-12-21,-0.117,70.904,AAPL
2014-12-20,-0.213,72.098,AAPL
2014-12-19,0.051,70.923,AAPL
2014-12-18,-0.364,72.005,AAPL
2014-12-17,-0.216,71.269,AAPL
2014-12-16,-0.031,71.008,AAPL
2014-12-15,0.192,71.699,AAPL
2014-12-14,-0.098,71.384,AAPL
2014-12-13,0.003,71.06,AAPL
2014-12-12,0.054,70.388,AAPL
2014-12-11,0.023,70.529,AAPL
2014-12-10,-0.306,70.24,AAPL
2014-12-09,-0.298,72.24,AAPL
2014-12-08,-0.304,70.852,AAPL
2014-12-07,-0.633,70.726,AAPL
2014-12-06,-0.148,70.984,AAPL
2014-12-05,-0.069,71.093,AAPL
2014-12-04,-0.174,71.364,AAPL
2014-12-03,-0.268,71.692,AAPL
2014-12-02,-0.205,71.176,AAPL
2014-12-01,0.048,70.471,AAPL
2014-11-30,0.307,70.543,AAPL
2014-11-29,0.195,70.18,AAPL
2014-11-28,-0.13,71.437,AAPL
2014-11-27,0.005,71.933,AAPL
2014-11-26,-0.097,71.114,AAPL
2014-11-25,-0.022,70.931,AAPL
2014-11-24,-0.055,70.159,AAPL
2014-11-23,0.337,70.089,AAPL
2014-11-22,0.146,71.432,AAPL
2014-11-21,-0.203,71.423,AAPL
2014-11-20,-0.134,70.422,AAPL
2014-11-19,0.153,71.622,AAPL
2014-11-18,0.296,70.747,AAPL
2014-11-17,0.21,72.021,AAPL
2014-11-16,-0.051,71.723,AAPL
2014-11-15,-0.317,72.427,AAPL
2014-11-14,-0.079,71.303,AAPL
2014-11-13,-0.34,71.3,AAPL
2014-11-12,-0.351,72.123,AAPL
2014-11-11,-0.011,71.539,AAPL
2014-11-10,-0.196,72.696,AAPL
2014-11-09,-0.194,72.333,AAPL
2014-11-08,-0.221,73.308,AAPL
2014-11-07,-0.225,74.702,AAPL
2014-11-06,-0.069,71.869,AAPL
2014-11-05,-0.057,71.329,AAPL
2014-11-04,0.135,70.771,AAPL
2014-11-03,-0.029,71.137,AAPL
2014-11-02,-0.149,70.998,AAPL
2014-11-01,0.012,70.53,AAPL
2014-10-31,-0.066,70.437,AAPL
2014-10-30,-0.349,70.962,AAPL
2014-10-29,-0.12,70.596,AAPL
2014-10-28,-0.296,70.301,AAPL
2014-10-27,-0.147,70.509,AAPL
2014-10-26,0.009,71.167,AAPL
2014-10-25,0.185,70.665,AAPL
2014-10-24,-0.054,70.699,AAPL
2014-10-23,-0.126,71.722,AAPL
2014-10-22,0.245,72.114,AAPL
2014-10-21,0.233,71.15,AAPL
2014-10-20,0.267,71.35,AAPL
2014-10-19,0.136,71.008,AAPL
2014-10-18,0.208,70.902,AAPL
2014-10-17,0.203,70.228,AAPL
2014-10-16,-0.345,70.772,AAPL
2014-10-15,-0.471,71.346,AAPL
2014-10-14,-0.016,71.434,AAPL
2014-10-13,0.146,71.36,AAPL
2014-10-12,-0.071,71.545,AAPL
2014-10-11,0.22,72.127,AAPL
2014-10-10,0.277,73.729,AAPL
2014-10-09,-0.136,71.952,AAPL
2014-10-08,-0.03,72.009,AAPL
2014-10-07,-0.243,72.64,AAPL
2014-10-06,0.326,72.239,AAPL
2014-10-05,0.137,70.882,AAPL
2014-10-04,0.168,71.338,AAPL
2014-10-03,-0.031,70.793,AAPL
2014-10-02,-0.121,71.2,AAPL
2014-10-01,-0.047,70.552,AAPL
2014-09-30,-0.334,71.61,AAPL
2014-09-29,-0.153,70.559,AAPL
2014-09-28,-0.223,73.104,AAPL
2014-09-27,-0.301,73.138,AAPL
2014-09-26,-0.472,72.918,AAPL
2014-09-25,0.207,71.419,AAPL
2014-09-24,-0.004,70.731,AAPL
2014-09-23,0.018,70.591,AAPL
2014-09-22,0.309,70.435,AAPL
2014-09-21,-0.015,71.041,AAPL
2014-09-20,0.062,71.554,AAPL
2014-09-19,0.105,73.121,AAPL
2014-09-18,-0.095,72.268,AAPL
2014-09-17,-0.003,71.141,AAPL
2014-09-16,-0.065,71.796,AAPL
2014-09-15,-0.101,70.993,AAPL
2014-09-14,0.025,71.0,AAPL
2014-09-13,0.048,71.015,AAPL
2014-09-12,0.077,71.141,AAPL
2014-09-11,0.131,70.618,AAPL
2014-09-10,0.195,70.566,AAPL
2014-09-09,0.19,71.719,AAPL
2014-09-08,0.233,72.026,AAPL
2014-09-07,0.031,72.729,AAPL
2014-09-06,-0.167,72.498,AAPL
2014-09-05,-0.302,72.533,AAPL
2014-09-04,-0.44,73.097,AAPL
2014-09-03,-0.444,73.143,AAPL
2014-09-02,-0.156,72.191,AAPL
2014-09-01,0.158,70.653,AAPL
2014-08-31,0.048,70.557,AAPL
2014-08-30,-0.007,70.486,AAPL
2014-08-29,-0.358,70.517,AAPL
2014-08-28,-0.292,70.738,AAPL
2014-08-27,-0.233,71.261,AAPL
2014-08-26,-0.109,71.804,AAPL
2014-08-25,-0.159,72.043,AAPL
2014-08-24,-0.051,71.379,AAPL
2014-08-23,-0.177,71.676,AAPL
2014-08-22,0.061,71.427,AAPL
2014-08-21,0.077,71.368,AAPL
2014-08-20,-0.029,71.747,AAPL
2014-08-19,-0.098,71.375,AAPL
2014-08-18,0.257,70.882,AAPL
2014-08-17,-0.106,71.066,AAPL
2014-08-16,-0.1,70.776,AAPL
2014-08-15,-0.13,72.281,AAPL
2014-08-14,-0.207,70.928,AAPL
2014-08-13,0.028,71.032,AAPL
2014-08-12,-0.177,70.742,AAPL
2014-08-11,-0.16,70.518,AAPL
2014-08-10,-0.216,70.861,AAPL
2014-08-09,-0.337,70.938,AAPL
2014-08-08,-0.132,70.391,AAPL
2014-08-07,-0.215,70.732,AAPL
2014-08-06,0.192,71.26,AAPL
2014-08-05,0.153,71.005,AAPL
2014-08-04,0.11,71.292,AAPL
2014-08-03,0.387,71.111,AAPL
2014-08-02,0.196,70.935,AAPL
2014-08-01,0.001,70.617,AAPL
2014-07-31,-0.022,71.241,AAPL
2014-07-30,0.055,70.758,AAPL
2014-07-29,-0.01,70.078,AAPL
2014-07-28,0.19,71.634,AAPL
2014-07-27,0.252,70.385,AAPL
2014-07-26,-0.224,70.642,AAPL
2014-07-25,-0.078,71.436,AAPL
2014-07-24,0.003,72.812,AAPL
2014-07-23,0.078,72.409,AAPL
2014-07-22,0.06,71.797,AAPL
2014-07-21,-0.049,70.951,AAPL
2014-07-20,-0.065,72.467,AAPL
2014-07-19,-0.052,71.829,AAPL
2014-07-18,0.096,70.871,AAPL
2014-07-17,0.065,70.811,AAPL
2014-07-16,0.053,70.749,AAPL
2014-07-15,-0.195,71.188,AAPL
2014-07-14,-0.382,71.425,AAPL
2014-07-13,-0.205,71.233,AAPL
2014-07-12,0.121,70.857,AAPL
2014-07-11,0.167,71.325,AAPL
2014-07-10,0.027,70.263,AAPL
2014-07-09,0.161,70.773,AAPL
2014-07-08,0.253,71.399,AAPL
2014-07-07,0.233,70.65,AAPL
2014-07-06,0.32,69.936,AAPL
2014-07-05,0.297,69.698,AAPL
2014-07-04,0.218,70.978,AAPL
2014-07-03,0.274,71.325,AAPL
2014-07-02,0.371,71.07,AAPL
2014-07-01,0.353,70.638,AAPL
2014-06-30,0.017,70.319,AAPL
2014-06-29,-0.041,70.003,AAPL
2014-06-28,0.167,70.657,AAPL
2014-06-27,0.023,70.109,AAPL
2014-06-26,0.111,70.193,AAPL
2014-06-25,0.108,70.968,AAPL
2014-06-24,0.134,70.629,AAPL
2014-06-23,0.332,71.853,AAPL
2014-06-22,0.174,71.257,AAPL
2014-06-21,0.128,71.009,AAPL
2014-06-20,0.003,70.456,AAPL
2014-06-19,-0.054,70.634,AAPL
2014-06-18,-0.261,71.728,AAPL
2014-06-17,-0.075,72.359,AAPL
2014-06-16,-0.004,69.885,AAPL
2014-06-15,-0.07,71.195,AAPL
2014-06-14,-0.106,70.954,AAPL
2014-06-13,-0.146,71.431,AAPL
2014-06-12,-0.341,71.391,AAPL
2014-06-11,0.022,72.087,AAPL
2014-06-10,-0.059,72.896,AAPL
2014-06-09,0.173,69.706,AAPL
2014-06-08,0.031,70.711,AAPL
2014-06-07,0.149,70.117,AAPL
2014-06-06,0.061,71.555,AAPL
2014-06-05,0.122,71.058,AAPL
2014-06-04,0.185,70.482,AAPL
2014-06-03,0.274,70.012,AAPL
2014-06-02,0.231,69.921,AAPL
2014-06-01,0.211,70.079,AAPL
2014-05-31,-0.084,70.162,AAPL
2014-05-30,0.05,69.611,AAPL
2014-05-29,0.064,70.505,AAPL
2014-05-28,0.034,70.304,AAPL
2014-05-27,0.203,70.164,AAPL
2014-05-26,-0.372,70.572,AAPL
2014-05-25,0.055,70.301,AAPL
2014-05-24,0.047,70.386,AAPL
2014-05-23,0.24,71.364,AAPL
2014-05-22,0.367,72.152,AAPL
2014-05-21,-0.051,70.467,AAPL
2014-05-20,-0.086,70.333,AAPL
2014-05-19,-0.218,70.091,AAPL
2014-05-18,-0.284,70.011,AAPL
2014-05-17,-0.03,71.306,AAPL
2014-05-16,0.19,70.793,AAPL
2014-05-15,0.084,70.496,AAPL
2014-05-14,0.274,69.332,AAPL
2014-05-13,0.339,69.577,AAPL
2014-05-12,0.066,69.323,AAPL
2014-05-11,0.296,69.446,AAPL
2014-05-10,0.257,69.268,AAPL
2014-05-09,0.143,70.4,AAPL
2014-05-08,0.108,70.422,AAPL
2014-05-07,0.246,70.667,AAPL
2014-05-06,-0.137,70.601,AAPL
2014-05-05,-0.237,70.239,AAPL
2014-05-04,-0.558,69.667,AAPL
2014-05-03,0.144,71.358,AAPL
2014-05-02,-0.107,71.081,AAPL
2014-05-01,-0.062,71.715,AAPL
2014-04-30,-0.019,70.93,AAPL
2014-04-29,-0.026,72.085,AAPL
2014-04-28,-0.165,71.886,AAPL
2014-04-27,-0.166,71.813,AAPL
2014-04-26,-0.123,72.134,AAPL
2014-04-25,0.15,74.111,AAPL
2014-04-24,0.14,73.26,AAPL
2014-04-23,0.12,71.04,AAPL
2014-04-22,0.421,73.078,AAPL
2014-04-21,-0.02,72.803,AAPL
2014-04-20,-0.087,70.524,AAPL
2014-04-19,-0.135,71.21,AAPL
2014-04-18,0.033,70.878,AAPL
2014-04-17,-0.142,71.302,AAPL
2014-04-16,-0.018,71.248,AAPL
2014-04-15,0.041,70.534,AAPL
2014-04-14,0.092,70.992,AAPL
2014-04-13,0.151,70.703,AAPL
2014-04-12,0.044,71.706,AAPL
2014-04-11,-0.044,71.074,AAPL
2014-04-10,-0.15,70.881,AAPL
2014-04-09,0.069,71.179,AAPL
2014-04-08,-0.22,71.651,AAPL
2014-04-07,-0.439,72.567,AAPL
2014-04-06,-0.214,71.115,AAPL
2014-04-05,-0.06,70.956,AAPL
2014-04-04,-0.195,70.566,AAPL
2014-04-03,-0.017,70.341,AAPL
2014-04-02,0.034,70.56,AAPL
2014-04-01,-0.05,70.58,AAPL
2014-03-31,0.041,70.51,AAPL
2014-03-30,0.258,72.576,AAPL
2014-03-29,0.115,70.74,AAPL
2014-03-28,0.108,70.271,AAPL
2014-03-27,0.021,70.8,AAPL
2014-03-26,0.026,70.803,AAPL
2014-03-25,0.051,69.909,AAPL
2014-03-24,-0.02,70.15,AAPL
2014-03-23,0.048,70.251,AAPL
2014-03-22,0.089,71.302,AAPL
2014-03-21,-0.025,71.286,AAPL
2014-03-20,0.178,70.825,AAPL
2014-03-19,0.256,70.139,AAPL
2014-03-18,0.206,69.963,AAPL
2014-03-17,0.098,71.274,AAPL
2014-03-16,-0.166,71.557,AAPL
2014-03-15,0.082,71.197,AAPL
2014-03-14,-0.055,72.366,AAPL
2014-03-13,-0.146,72.505,AAPL
2014-03-12,0.08,72.124,AAPL
2014-03-11,0.178,71.603,AAPL
2014-03-10,-0.061,70.818,AAPL
2014-03-09,0.039,70.717,AAPL
2014-03-08,-0.246,71.888,AAPL
2014-03-07,0.01,72.324,AAPL
2014-03-06,0.142,70.194,AAPL
2014-03-05,0.294,70.171,AAPL
2014-03-04,0.216,70.536,AAPL
2014-03-03,-0.108,70.558,AAPL
2014-03-02,0.106,69.846,AAPL
2014-03-01,-0.271,70.706,AAPL
2014-02-28,0.025,72.16,AAPL
2014-02-27,-0.126,72.357,AAPL
2014-02-26,-0.059,71.169,AAPL
2014-02-25,-0.268,71.756,AAPL
2014-02-24,-0.64,71.589,AAPL
2014-02-23,-0.441,70.636,AAPL
2014-02-22,0.002,71.185,AAPL
2014-02-21,0.053,71.503,AAPL
2014-02-20,-0.026,70.431,AAPL
2014-02-19,0.058,70.103,AAPL
2014-02-18,-0.053,70.558,AAPL
2014-02-17,0.145,70.894,AAPL
2014-02-16,-0.051,71.375,AAPL
2014-02-15,-0.124,70.992,AAPL
2014-02-14,-0.067,71.171,AAPL
2014-02-13,0.126,70.889,AAPL
2014-02-12,-0.057,72.561,AAPL
2014-02-11,-0.053,73.417,AAPL
2014-02-10,-0.068,72.541,AAPL
2014-02-09,-0.377,74.037,AAPL
2014-02-08,-0.172,72.928,AAPL
2014-02-07,-0.138,70.288,AAPL
2014-02-06,-0.12,71.18,AAPL
2014-02-05,-0.27,70.868,AAPL
2014-02-04,-0.203,70.041,AAPL
2014-02-03,-0.119,70.163,AAPL
2014-02-02,0.028,69.57,AAPL
2014-02-01,0.142,70.295,AAPL
2014-01-31,-0.004,71.491,AAPL
2014-01-30,0.244,72.55,AAPL
2014-01-29,0.098,74.465,AAPL
2014-01-28,0.282,73.045,AAPL
2014-01-27,0.097,71.677,AAPL
2014-01-26,-0.129,71.55,AAPL
2014-01-25,0.001,71.558,AAPL
2014-01-24,-0.012,73.271,AAPL
2014-01-23,-0.044,72.152,AAPL
2014-01-22,-0.02,71.897,AAPL
2014-01-21,-0.184,70.971,AAPL
2014-01-20,-0.081,70.129,AAPL
2014-01-19,0.249,70.453,AAPL
2014-01-18,0.308,70.757,AAPL
2014-01-17,0.191,71.228,AAPL
2014-01-16,0.058,71.561,AAPL
2014-01-15,-0.312,71.585,AAPL
2014-01-14,-0.11,71.683,AAPL
2014-01-13,0.086,72.127,AAPL
2014-01-12,0.026,70.279,AAPL
2014-01-11,0.128,70.63,AAPL
2014-01-10,0.139,70.511,AAPL
2014-01-09,-0.321,71.604,AAPL
2014-01-08,0.009,71.592,AAPL
2014-01-07,0.072,70.538,AAPL
2014-01-06,0.291,69.061,AAPL
2014-01-05,0.059,70.053,AAPL
2014-01-04,-0.02,71.984,AAPL
2014-01-03,-0.102,71.208,AAPL
2014-01-02,-0.152,70.218,AAPL
2014-01-01,-0.284,70.558,AAPL
2015-01-01,0.469,78.031,BA
2014-12-31,0.289,78.467,BA
2014-12-30,0.431,78.833,BA
2014-12-29,0.378,76.733,BA
2014-12-28,0.667,74.2,BA
2014-12-27,0.3,76.05,BA
2014-12-26,0.6,76.533,BA
2014-12-25,0.506,76.931,BA
2014-12-24,0.421,73.75,BA
2014-12-23,0.549,74.989,BA
2014-12-22,0.005,76.882,BA
2014-12-21,-0.092,76.108,BA
2014-12-20,0.033,78.033,BA
2014-12-19,0.05,78.45,BA
2014-12-18,0.131,78.5,BA
2014-12-17,0.533,79.088,BA
2014-12-16,0.456,78.52,BA
2014-12-15,-0.625,77.5,BA
2014-12-14,-0.576,78.091,BA
2014-12-13,-0.414,77.815,BA
2014-12-12,-0.213,78.302,BA
2014-12-11,0.414,79.158,BA
2014-12-10,-0.127,79.62,BA
2014-12-09,0.092,78.675,BA
2014-12-08,0.083,73.083,BA
2014-12-07,0.083,74.5,BA
2014-12-06,-0.091,78.545,BA
2014-12-05,-0.167,81.4,BA
2014-12-04,-0.301,78.944,BA
2014-12-03,-0.736,78.794,BA
2014-12-02,-0.861,77.349,BA
2014-12-01,-0.375,64.125,BA
2014-11-30,0.75,73.5,BA
2014-11-29,0.474,74.421,BA
2014-11-28,0.231,73.769,BA
2014-11-27,0.238,79.524,BA
2014-11-26,-0.139,77.694,BA
2014-11-25,0.182,76.773,BA
2014-11-24,0.269,74.962,BA
2014-11-23,-0.244,78.049,BA
2014-11-22,-0.248,76.058,BA
2014-11-21,-0.053,76.115,BA
2014-11-20,0.304,77.643,BA
2014-11-19,0.406,74.219,BA
2014-11-18,0.398,73.5,BA
2014-11-17,-0.931,77.483,BA
2014-11-16,-0.25,80.5,BA
2014-11-15,0.118,77.486,BA
2014-11-14,0.286,78.857,BA
2014-11-13,0.218,80.945,BA
2014-11-12,0.028,81.947,BA
2014-11-11,-0.405,73.71,BA
2014-11-10,0.273,76.0,BA
2014-11-09,0.192,76.538,BA
2014-11-08,-0.21,78.286,BA
2014-11-07,0.087,78.739,BA
2014-11-06,0.808,79.115,BA
2014-11-05,0.333,80.333,BA
2014-11-04,-0.03,78.0,BA
2014-11-03,-0.2,73.8,BA
2014-11-02,0.018,75.6,BA
2014-11-01,-0.519,81.275,BA
2014-10-31,-0.227,79.16,BA
2014-10-30,-0.722,74.5,BA
2014-10-29,0.119,77.571,BA
2014-10-28,-0.107,80.554,BA
2014-10-27,-0.2,75.4,BA
2014-10-26,0.75,79.25,BA
2014-10-25,0.247,79.97,BA
2014-10-24,0.067,77.0,BA
2014-10-23,0.218,78.741,BA
2014-10-22,0.1,77.45,BA
2014-10-21,0.162,75.845,BA
2014-10-20,-0.167,74.3,BA
2014-10-19,0.861,80.778,BA
2014-10-18,0.042,74.375,BA
2014-10-17,0.133,77.1,BA
2014-10-16,0.254,78.105,BA
2014-10-15,0.077,76.192,BA
2014-10-14,0.062,76.779,BA
2014-10-13,-0.037,75.859,BA
2014-10-12,-0.237,72.649,BA
2014-10-11,0.182,79.211,BA
2014-10-10,0.552,81.672,BA
2014-10-09,-0.37,75.681,BA
2014-10-08,0.167,77.125,BA
2014-10-07,0.444,76.333,BA
2014-10-06,-0.481,77.556,BA
2014-10-05,0.0,77.0,BA
2014-10-04,0.6,74.6,BA
2014-10-03,-0.004,76.635,BA
2014-10-02,-0.167,80.266,BA
2014-10-01,-0.443,75.964,BA
2014-09-30,0.434,79.921,BA
2014-09-29,-0.769,75.558,BA
2014-09-28,-0.679,73.849,BA
2014-09-27,-0.105,77.895,BA
2014-09-26,-0.369,80.381,BA
2014-09-25,0.389,77.604,BA
2014-09-24,0.093,75.019,BA
2014-09-23,0.169,79.897,BA
2014-09-22,0.158,76.0,BA
2014-09-21,0.078,80.686,BA
2014-09-20,0.054,74.872,BA
2014-09-19,0.216,77.389,BA
2014-09-18,0.537,78.105,BA
2014-09-17,0.452,76.881,BA
2014-09-16,0.333,76.967,BA
2014-09-15,0.57,77.154,BA
2014-09-14,0.298,74.645,BA
2014-09-13,0.268,73.471,BA
2014-09-12,0.403,73.768,BA
2014-09-11,0.044,76.324,BA
2014-09-10,0.36,76.472,BA
2014-09-09,0.296,76.83,BA
2014-09-08,0.135,76.833,BA
2014-09-07,-0.025,76.355,BA
2014-09-06,-0.077,77.048,BA
2014-09-05,0.152,79.686,BA
2014-09-04,0.126,78.623,BA
2014-09-03,-0.3,79.35,BA
2014-09-02,-0.168,76.559,BA
2014-09-01,0.056,75.0,BA
2014-08-31,-0.031,74.031,BA
2014-08-30,0.072,75.556,BA
2014-08-29,0.152,78.105,BA
2014-08-28,0.268,80.446,BA
2014-08-27,0.362,78.328,BA
2014-08-26,0.422,78.503,BA
2014-08-25,0.19,74.214,BA
2014-08-24,0.176,75.706,BA
2014-08-23,0.286,75.098,BA
2014-08-22,0.144,75.676,BA
2014-08-21,0.484,75.436,BA
2014-08-20,0.367,79.5,BA
2014-08-19,-0.261,76.217,BA
2014-08-18,-0.054,73.861,BA
2014-08-17,0.077,75.692,BA
2014-08-16,-0.125,76.542,BA
2014-08-15,0.127,75.8,BA
2014-08-14,-0.037,75.037,BA
2014-08-13,-0.038,75.165,BA
2014-08-12,0.024,77.476,BA
2014-08-11,0.0,79.111,BA
2014-08-10,0.18,72.115,BA
2014-08-09,-0.003,75.101,BA
2014-08-08,0.024,75.219,BA
2014-08-07,0.24,75.924,BA
2014-08-06,0.396,76.788,BA
2014-08-05,0.196,76.143,BA
2014-08-04,-0.636,75.727,BA
2014-08-03,-0.564,74.457,BA
2014-08-02,-0.092,74.901,BA
2014-08-01,0.289,76.75,BA
2014-07-31,0.243,77.627,BA
2014-07-30,-0.37,75.386,BA
2014-07-29,-0.444,73.46,BA
2014-07-28,-0.898,71.87,BA
2014-07-27,-0.574,73.03,BA
2014-07-26,-0.284,75.494,BA
2014-07-25,0.201,77.23,BA
2014-07-24,0.551,79.832,BA
2014-07-23,-0.358,76.902,BA
2014-07-22,-0.247,75.558,BA
2014-07-21,0.026,73.41,BA
2014-07-20,-0.618,75.323,BA
2014-07-19,-0.556,76.143,BA
2014-07-18,-0.434,75.476,BA
2014-07-17,0.113,75.086,BA
2014-07-16,0.206,76.349,BA
2014-07-15,0.321,76.354,BA
2014-07-14,-0.144,74.328,BA
2014-07-13,-0.295,76.727,BA
2014-07-12,0.222,79.414,BA
2014-07-11,0.139,80.689,BA
2014-07-10,0.335,74.951,BA
2014-07-09,-0.351,75.976,BA
2014-07-08,-0.336,75.123,BA
2014-07-07,-0.5,73.25,BA
2014-07-06,0.232,75.286,BA
2014-07-05,0.435,76.296,BA
2014-07-04,0.235,76.329,BA
2014-07-03,0.176,74.055,BA
2014-07-02,0.155,74.093,BA
2014-07-01,0.06,74.661,BA
2014-06-30,0.205,74.308,BA
2014-06-29,-0.089,76.2,BA
2014-06-28,0.261,78.348,BA
2014-06-27,0.011,75.659,BA
2014-06-26,-0.222,76.422,BA
2014-06-25,0.51,75.544,BA
2014-06-24,0.202,77.545,BA
2014-06-23,-0.4,72.7,BA
2014-06-22,-0.476,72.524,BA
2014-06-21,0.222,76.417,BA
2014-06-20,0.254,76.238,BA
2014-06-19,0.142,75.956,BA
2014-06-18,0.331,75.897,BA
2014-06-17,0.344,77.722,BA
2014-06-16,-0.056,74.222,BA
2014-06-15,0.0,76.082,BA
2014-06-14,0.091,74.75,BA
2014-06-13,0.062,73.147,BA
2014-06-12,-0.247,76.34,BA
2014-06-11,0.045,76.553,BA
2014-06-10,0.4,75.6,BA
2014-06-09,0.75,78.0,BA
2014-06-08,0.4,77.2,BA
2014-06-07,0.3,76.412,BA
2014-06-06,0.615,78.077,BA
2014-06-05,-0.141,75.84,BA
2014-06-04,0.259,75.333,BA
2014-06-03,0.053,77.526,BA
2014-06-02,0.341,75.37,BA
2014-06-01,-0.278,74.167,BA
2014-05-31,0.308,76.0,BA
2014-05-30,0.45,78.349,BA
2014-05-29,0.448,78.944,BA
2014-05-28,0.217,77.916,BA
2014-05-27,0.154,77.077,BA
2014-05-26,0.125,78.0,BA
2014-05-25,0.313,76.25,BA
2014-05-24,0.482,76.882,BA
2014-05-23,0.566,75.514,BA
2014-05-22,0.384,77.182,BA
2014-05-21,-0.011,77.128,BA
2014-05-20,-0.079,76.867,BA
2014-05-19,-0.273,74.455,BA
2014-05-18,-0.733,73.975,BA
2014-05-17,0.013,73.039,BA
2014-05-16,0.37,77.391,BA
2014-05-15,0.351,77.439,BA
2014-05-14,0.228,73.823,BA
2014-05-13,0.329,74.537,BA
2014-05-12,0.167,74.5,BA
2014-05-11,-0.397,72.381,BA
2014-05-10,-0.128,76.231,BA
2014-05-09,0.303,74.697,BA
2014-05-08,0.183,76.571,BA
2014-05-07,-0.085,75.095,BA
2014-05-06,0.066,75.776,BA
2014-05-05,0.0,75.727,BA
2014-05-04,0.143,76.571,BA
2014-05-03,0.275,77.068,BA
2014-05-02,0.347,75.819,BA
2014-05-01,0.188,77.529,BA
2014-04-30,0.038,75.97,BA
2014-04-29,-0.211,76.637,BA
2014-04-28,-0.406,74.844,BA
2014-04-27,-0.062,77.414,BA
2014-04-26,-0.077,77.057,BA
2014-04-25,0.299,79.243,BA
2014-04-24,0.445,80.44,BA
2014-04-23,0.238,76.846,BA
2014-04-22,-0.079,76.579,BA
2014-04-21,-0.025,73.176,BA
2014-04-20,0.045,72.133,BA
2014-04-19,0.424,76.661,BA
2014-04-18,0.178,76.351,BA
2014-04-17,0.089,75.152,BA
2014-04-16,-0.025,74.542,BA
2014-04-15,-0.2,75.96,BA
2014-04-14,-0.25,75.75,BA
2014-04-13,-0.075,76.706,BA
2014-04-12,0.004,74.538,BA
2014-04-11,0.062,78.043,BA
2014-04-10,0.152,78.08,BA
2014-04-09,0.459,77.557,BA
2014-04-08,0.098,75.698,BA
2014-04-07,0.188,75.167,BA
2014-04-06,0.117,74.618,BA
2014-04-05,0.0,76.067,BA
2014-04-04,-0.193,75.149,BA
2014-04-03,0.01,75.476,BA
2014-04-02,-0.286,75.293,BA
2014-04-01,-0.395,76.547,BA
2014-03-31,-0.226,74.583,BA
2014-03-30,-0.492,75.08,BA
2014-03-29,-0.118,76.688,BA
2014-03-28,-0.006,76.112,BA
2014-03-27,0.043,76.947,BA
2014-03-26,0.403,78.767,BA
2014-03-25,0.141,77.611,BA
2014-03-24,0.272,76.533,BA
2014-03-23,0.15,81.1,BA
2014-03-22,0.237,78.773,BA
2014-03-21,-0.005,76.565,BA
2014-03-20,0.081,77.398,BA
2014-03-19,0.444,77.455,BA
2014-03-18,-0.08,78.357,BA
2014-03-17,-0.08,75.333,BA
2014-03-16,0.338,74.459,BA
2014-03-15,-0.039,75.815,BA
2014-03-14,-0.187,75.222,BA
2014-03-13,-0.247,76.177,BA
2014-03-12,-0.123,76.186,BA
2014-03-11,-0.41,77.75,BA
2014-03-10,-0.793,74.107,BA
2014-03-09,-0.652,74.435,BA
2014-03-08,0.206,73.229,BA
2014-03-07,0.393,73.827,BA
2014-03-06,0.085,77.525,BA
2014-03-05,-0.267,77.45,BA
2014-03-04,0.073,78.364,BA
2014-03-03,-0.175,74.25,BA
2014-03-02,-0.25,75.0,BA
2014-03-01,-0.003,75.645,BA
2014-02-28,0.054,76.036,BA
2014-02-27,-0.186,76.114,BA
2014-02-26,0.32,75.633,BA
2014-02-25,0.595,74.214,BA
2014-02-24,0.616,73.25,BA
2014-02-23,0.143,76.5,BA
2014-02-22,-0.109,76.069,BA
2014-02-21,0.397,75.767,BA
2014-02-20,0.154,74.0,BA
2014-02-19,0.191,74.044,BA
2014-02-18,-0.013,74.633,BA
2014-02-17,-0.063,74.875,BA
2014-02-16,0.524,76.095,BA
2014-02-15,0.44,78.48,BA
2014-02-14,0.461,76.721,BA
2014-02-13,0.476,76.652,BA
2014-02-12,0.364,76.75,BA
2014-02-11,0.268,77.561,BA
2014-02-10,0.571,74.071,BA
2014-02-09,-0.063,74.25,BA
2014-02-08,0.261,75.745,BA
2014-02-07,-0.008,78.523,BA
2014-02-06,0.401,75.463,BA
2014-02-05,0.563,74.464,BA
2014-02-04,0.5,79.333,BA
2014-02-03,0.1,76.4,BA
2014-02-02,0.262,78.286,BA
2014-02-01,0.232,76.736,BA
2014-01-31,0.24,79.332,BA
2014-01-30,0.387,80.662,BA
2014-01-29,0.261,75.894,BA
2014-01-28,0.739,77.672,BA
2014-01-27,0.044,76.6,BA
2014-01-26,0.5,75.3,BA
2014-01-25,0.365,75.758,BA
2014-01-24,0.496,76.615,BA
2014-01-23,-0.234,77.596,BA
2014-01-22,0.229,80.706,BA
2014-01-21,0.508,79.343,BA
2014-01-20,0.265,76.52,BA
2014-01-19,-0.898,75.407,BA
2014-01-18,-0.167,75.222,BA
2014-01-17,-0.405,77.333,BA
2014-01-16,-0.214,79.206,BA
2014-01-15,-0.01,79.921,BA
2014-01-14,0.189,76.568,BA
2014-01-13,-0.118,75.294,BA
2014-01-12,-0.082,73.882,BA
2014-01-11,-0.007,75.205,BA
2014-01-10,-0.323,75.107,BA
2014-01-09,0.076,75.043,BA
2014-01-08,-0.061,74.495,BA
2014-01-07,0.063,73.85,BA
2014-01-06,-0.168,72.501,BA
2014-01-05,0.224,72.268,BA
2014-01-04,-0.033,72.187,BA
2014-01-03,0.02,72.76,BA
2014-01-02,-0.087,73.29,BA
2014-01-01,0.047,73.339,BA
2015-01-01,0.0,79.059,CVX
2014-12-31,0.125,76.708,CVX
2014-12-30,0.333,78.917,CVX
2014-12-29,0.0,76.0,CVX
2014-12-28,-0.333,82.0,CVX
2014-12-27,0.0,87.5,CVX
2014-12-25,0.333,88.0,CVX
2014-12-24,0.333,83.667,CVX
2014-12-23,-0.5,82.75,CVX
2014-12-22,0.0,72.0,CVX
2014-12-21,-0.75,65.25,CVX
2014-12-20,-0.667,83.333,CVX
2014-12-19,0.111,81.667,CVX
2014-12-18,0.194,82.667,CVX
2014-12-17,0.029,81.629,CVX
2014-12-16,-0.005,83.5,CVX
2014-12-15,1.0,86.667,CVX
2014-12-14,0.0,84.143,CVX
2014-12-13,-0.531,82.531,CVX
2014-12-12,-0.212,82.238,CVX
2014-12-11,-0.312,84.5,CVX
2014-12-10,-0.122,80.293,CVX
2014-12-09,-0.333,84.667,CVX
2014-12-07,0.143,82.571,CVX
2014-12-06,-0.375,86.25,CVX
2014-12-05,-0.571,83.0,CVX
2014-12-04,0.106,83.545,CVX
2014-12-03,-0.1,84.8,CVX
2014-12-02,0.0,81.0,CVX
2014-12-01,-1.0,78.0,CVX
2014-11-30,0.0,77.0,CVX
2014-11-29,-0.039,81.375,CVX
2014-11-28,-0.556,80.111,CVX
2014-11-27,-0.1,83.1,CVX
2014-11-26,0.125,80.25,CVX
2014-11-25,0.333,85.333,CVX
2014-11-24,0.0,79.0,CVX
2014-11-23,1.0,81.0,CVX
2014-11-22,0.583,83.0,CVX
2014-11-21,0.357,83.857,CVX
2014-11-20,0.0,80.0,CVX
2014-11-19,0.0,81.636,CVX
2014-11-18,0.4,83.4,CVX
2014-11-15,0.667,82.667,CVX
2014-11-14,0.625,85.125,CVX
2014-11-13,0.188,81.438,CVX
2014-11-12,-0.231,78.0,CVX
2014-11-11,-0.4,86.2,CVX
2014-11-10,0.0,85.0,CVX
2014-11-09,-0.667,87.833,CVX
2014-11-08,-0.525,80.8,CVX
2014-11-07,-0.357,80.357,CVX
2014-11-06,0.021,82.5,CVX
2014-11-05,0.009,81.769,CVX
2014-11-04,0.083,80.833,CVX
2014-11-03,0.0,82.5,CVX
2014-11-02,0.883,80.01,CVX
2014-11-01,0.424,80.507,CVX
2014-10-31,0.357,79.357,CVX
2014-10-30,-0.022,81.111,CVX
2014-10-29,0.111,81.667,CVX
2014-10-28,0.0,85.681,CVX
2014-10-26,-0.303,81.364,CVX
2014-10-25,-0.852,81.63,CVX
2014-10-24,-0.182,81.273,CVX
2014-10-23,0.188,79.75,CVX
2014-10-22,-0.222,85.333,CVX
2014-10-21,-0.479,81.25,CVX
2014-10-20,-0.133,78.0,CVX
2014-10-19,0.0,79.0,CVX
2014-10-18,0.0,76.0,CVX
2014-10-17,0.4,80.4,CVX
2014-10-16,0.0,80.333,CVX
2014-10-15,-0.125,84.25,CVX
2014-10-14,0.347,84.0,CVX
2014-10-13,0.667,80.222,CVX
2014-10-12,0.619,80.0,CVX
2014-10-11,0.125,82.063,CVX
2014-10-10,0.31,84.552,CVX
2014-10-09,0.077,86.769,CVX
2014-10-08,-0.564,87.773,CVX
2014-10-07,0.097,80.065,CVX
2014-10-04,-0.2,82.667,CVX
2014-10-03,0.2,81.6,CVX
2014-10-02,-0.167,71.0,CVX
2014-10-01,0.533,81.4,CVX
2014-09-30,0.909,85.818,CVX
2014-09-28,0.5,79.5,CVX
2014-09-27,0.0,89.0,CVX
2014-09-26,0.0,81.667,CVX
2014-09-25,0.0,79.167,CVX
2014-09-24,0.0,82.063,CVX
2014-09-23,0.0,78.667,CVX
2014-09-22,0.667,82.0,CVX
2014-09-21,0.0,76.429,CVX
2014-09-20,-0.167,79.333,CVX
2014-09-19,0.217,82.304,CVX
2014-09-18,-0.015,83.091,CVX
2014-09-17,0.059,84.059,CVX
2014-09-16,-0.263,84.684,CVX
2014-09-15,-0.649,81.707,CVX
2014-09-14,-0.111,79.333,CVX
2014-09-13,-0.041,83.739,CVX
2014-09-12,-0.176,80.412,CVX
2014-09-11,0.067,84.533,CVX
2014-09-10,-0.077,85.385,CVX
2014-09-09,0.2,78.6,CVX
2014-09-08,-0.333,81.333,CVX
2014-09-07,-0.286,76.786,CVX
2014-09-06,-0.054,79.661,CVX
2014-09-05,0.176,80.118,CVX
2014-09-04,-0.115,84.5,CVX
2014-09-03,0.091,85.909,CVX
2014-09-02,0.0,87.714,CVX
2014-09-01,0.0,100.0,CVX
2014-08-31,-0.5,78.75,CVX
2014-08-30,0.209,79.25,CVX
2014-08-29,0.095,85.0,CVX
2014-08-28,-0.333,79.0,CVX
2014-08-27,0.063,71.625,CVX
2014-08-26,0.0,66.0,CVX
2014-08-25,0.143,80.714,CVX
2014-08-24,-0.4,79.2,CVX
2014-08-23,-0.098,77.706,CVX
2014-08-22,0.5,84.1,CVX
2014-08-21,0.333,82.286,CVX
2014-08-20,0.0,82.273,CVX
2014-08-19,0.2,82.0,CVX
2014-08-18,-0.25,79.0,CVX
2014-08-17,0.556,80.833,CVX
2014-08-16,0.0,79.333,CVX
2014-08-15,0.407,83.667,CVX
2014-08-14,0.278,80.333,CVX
2014-08-13,0.235,80.882,CVX
2014-08-12,0.69,84.241,CVX
2014-08-11,0.0,83.5,CVX
2014-08-10,-0.5,81.0,CVX
2014-08-09,0.0,78.714,CVX
2014-08-08,-0.229,79.867,CVX
2014-08-07,-0.083,80.917,CVX
2014-08-06,0.0,81.813,CVX
2014-08-05,-0.167,79.5,CVX
2014-08-04,0.6,74.4,CVX
2014-08-03,0.596,77.962,CVX
2014-08-02,0.596,77.25,CVX
2014-08-01,0.06,80.24,CVX
2014-07-31,0.127,79.929,CVX
2014-07-30,-0.095,79.171,CVX
2014-07-29,0.107,78.903,CVX
2014-07-28,-0.75,78.25,CVX
2014-07-27,0.0,77.333,CVX
2014-07-26,0.5,78.25,CVX
2014-07-25,0.75,79.5,CVX
2014-07-24,0.37,81.222,CVX
2014-07-23,0.407,80.944,CVX
2014-07-22,-0.25,78.5,CVX
2014-07-21,0.333,83.0,CVX
2014-07-20,0.111,79.5,CVX
2014-07-19,-0.429,76.571,CVX
2014-07-18,-0.264,79.583,CVX
2014-07-17,-0.256,81.438,CVX
2014-07-16,-0.2,81.133,CVX
2014-07-15,0.03,77.455,CVX
2014-07-14,-0.5,77.833,CVX
2014-07-13,-0.125,80.125,CVX
2014-07-12,0.366,76.39,CVX
2014-07-11,0.333,77.5,CVX
2014-07-10,-0.248,81.474,CVX
2014-07-09,-0.522,81.033,CVX
2014-07-08,-0.37,78.667,CVX
2014-07-07,-0.533,78.0,CVX
2014-07-05,-0.5,82.0,CVX
2014-07-04,-0.03,78.636,CVX
2014-07-03,0.167,80.75,CVX
2014-07-02,0.259,80.667,CVX
2014-07-01,0.143,78.286,CVX
2014-06-30,0.0,79.0,CVX
2014-06-29,0.333,81.0,CVX
2014-06-28,-1.0,78.0,CVX
2014-06-27,0.667,85.333,CVX
2014-06-26,-0.089,86.0,CVX
2014-06-25,-0.25,81.0,CVX
2014-06-24,0.143,82.286,CVX
2014-06-22,-0.5,80.75,CVX
2014-06-21,0.25,80.375,CVX
2014-06-20,0.028,82.917,CVX
2014-06-19,0.315,81.056,CVX
2014-06-18,-0.09,77.923,CVX
2014-06-17,0.6,80.45,CVX
2014-06-16,-0.667,71.0,CVX
2014-06-15,0.482,77.778,CVX
2014-06-14,-0.059,76.412,CVX
2014-06-13,-0.087,81.5,CVX
2014-06-12,0.111,82.5,CVX
2014-06-11,0.039,81.0,CVX
2014-06-10,0.0,82.0,CVX
2014-06-09,0.0,79.0,CVX
2014-06-08,-0.222,78.167,CVX
2014-06-07,-0.1,81.0,CVX
2014-06-06,-0.21,78.0,CVX
2014-06-05,0.3,79.8,CVX
2014-06-04,0.333,80.556,CVX
2014-06-03,0.556,80.667,CVX
2014-06-02,-0.286,75.429,CVX
2014-06-01,-0.6,77.2,CVX
2014-05-31,-0.429,78.429,CVX
2014-05-30,-0.409,81.591,CVX
2014-05-29,-0.462,81.615,CVX
2014-05-28,-0.786,77.143,CVX
2014-05-27,-0.25,80.375,CVX
2014-05-26,-0.5,78.375,CVX
2014-05-25,-0.367,81.3,CVX
2014-05-24,-0.538,80.385,CVX
2014-05-23,-0.342,78.921,CVX
2014-05-22,-0.136,80.591,CVX
2014-05-21,-0.167,79.667,CVX
2014-05-20,0.8,80.6,CVX
2014-05-19,0.5,80.0,CVX
2014-05-18,0.467,78.0,CVX
2014-05-17,-0.214,78.214,CVX
2014-05-16,0.375,80.875,CVX
2014-05-15,-0.417,81.167,CVX
2014-05-14,-0.347,78.417,CVX
2014-05-13,-0.333,80.667,CVX
2014-05-12,-1.0,77.333,CVX
2014-05-11,-0.333,77.889,CVX
2014-05-10,-0.524,78.905,CVX
2014-05-09,-0.172,79.628,CVX
2014-05-08,-0.13,80.185,CVX
2014-05-07,0.0,79.0,CVX
2014-05-06,-0.14,77.158,CVX
2014-05-05,-0.359,75.692,CVX
2014-05-04,-0.709,71.847,CVX
2014-05-03,-0.601,72.957,CVX
2014-05-02,0.058,82.5,CVX
2014-05-01,0.032,80.346,CVX
2014-04-30,-0.4,80.2,CVX
2014-04-29,0.111,80.333,CVX
2014-04-28,0.333,88.0,CVX
2014-04-27,0.0,88.698,CVX
2014-04-26,-0.659,79.0,CVX
2014-04-25,0.0,79.833,CVX
2014-04-24,0.381,82.429,CVX
2014-04-23,0.154,85.308,CVX
2014-04-22,0.0,81.0,CVX
2014-04-21,0.25,75.25,CVX
2014-04-20,-1.0,79.0,CVX
2014-04-19,-0.1,80.833,CVX
2014-04-18,0.028,81.667,CVX
2014-04-17,-0.451,80.625,CVX
2014-04-16,-0.092,79.308,CVX
2014-04-15,0.333,83.067,CVX
2014-04-14,-0.667,78.667,CVX
2014-04-13,-0.067,76.8,CVX
2014-04-12,0.121,79.825,CVX
2014-04-11,0.074,78.508,CVX
2014-04-10,-0.406,77.75,CVX
2014-04-09,0.125,80.167,CVX
2014-04-08,-0.621,78.379,CVX
2014-04-07,0.154,78.692,CVX
2014-04-06,-0.242,79.455,CVX
2014-04-05,-0.484,77.616,CVX
2014-04-04,0.171,80.561,CVX
2014-04-03,0.029,82.294,CVX
2014-04-02,-0.321,81.282,CVX
2014-04-01,-0.722,80.833,CVX
2014-03-31,-0.133,75.8,CVX
2014-03-30,0.4,81.917,CVX
2014-03-29,0.179,81.643,CVX
2014-03-28,-0.438,81.125,CVX
2014-03-27,0.188,80.938,CVX
2014-03-26,0.364,74.727,CVX
2014-03-25,-0.094,83.0,CVX
2014-03-24,-0.714,78.143,CVX
2014-03-23,-0.429,75.857,CVX
2014-03-22,0.422,78.389,CVX
2014-03-21,0.117,75.467,CVX
2014-03-20,0.407,76.488,CVX
2014-03-19,0.041,82.0,CVX
2014-03-18,0.431,79.647,CVX
2014-03-17,-0.111,85.333,CVX
2014-03-16,1.0,86.0,CVX
2014-03-15,0.286,80.429,CVX
2014-03-14,0.158,79.842,CVX
2014-03-13,-0.123,81.421,CVX
2014-03-12,0.059,84.0,CVX
2014-03-11,0.4,83.0,CVX
2014-03-10,-0.867,79.0,CVX
2014-03-09,-0.758,78.273,CVX
2014-03-08,-0.554,74.959,CVX
2014-03-07,-0.206,83.619,CVX
2014-03-06,-0.504,82.132,CVX
2014-03-05,-0.276,82.641,CVX
2014-03-04,-0.333,81.667,CVX
2014-03-02,-0.111,79.333,CVX
2014-03-01,0.0,80.25,CVX
2014-02-28,1.0,86.0,CVX
2014-02-27,1.0,84.0,CVX
2014-02-25,-0.083,79.75,CVX
2014-02-24,-0.5,80.75,CVX
2014-02-23,-0.25,80.25,CVX
2014-02-22,0.0,80.111,CVX
2014-02-21,-0.108,79.3,CVX
2014-02-20,-0.34,78.348,CVX
2014-02-19,0.335,78.077,CVX
2014-02-18,0.233,80.5,CVX
2014-02-17,0.0,78.6,CVX
2014-02-16,0.25,79.25,CVX
2014-02-15,0.0,77.647,CVX
2014-02-14,0.038,82.308,CVX
2014-02-13,-0.286,78.143,CVX
2014-02-12,0.022,77.867,CVX
2014-02-11,0.167,82.667,CVX
2014-02-10,0.0,83.0,CVX
2014-02-09,1.0,78.5,CVX
2014-02-08,0.0,81.333,CVX
2014-02-07,0.0,79.1,CVX
2014-02-06,0.0,82.133,CVX
2014-02-05,0.077,80.846,CVX
2014-02-04,0.097,83.581,CVX
2014-02-03,0.0,77.857,CVX
2014-02-02,-0.561,78.283,CVX
2014-02-01,-0.737,78.522,CVX
2014-01-31,-0.091,80.818,CVX
2014-01-30,0.119,80.286,CVX
2014-01-29,-0.286,78.857,CVX
2014-01-28,-0.625,79.563,CVX
2014-01-27,-0.429,80.571,CVX
2014-01-26,-1.0,81.0,CVX
2014-01-25,0.0,82.0,CVX
2014-01-24,0.333,78.0,CVX
2014-01-23,-0.5,83.0,CVX
2014-01-22,-0.143,79.0,CVX
2014-01-21,-0.5,80.0,CVX
2014-01-20,-0.5,85.5,CVX
2014-01-19,0.444,77.0,CVX
2014-01-18,-0.056,79.167,CVX
2014-01-17,-0.111,80.75,CVX
2014-01-16,0.222,81.292,CVX
2014-01-15,0.038,80.423,CVX
2014-01-14,0.353,82.412,CVX
2014-01-13,-0.143,83.714,CVX
2014-01-12,-0.833,74.0,CVX
2014-01-11,0.16,78.44,CVX
2014-01-10,-0.3,83.3,CVX
2014-01-09,0.6,84.0,CVX
2014-01-08,0.25,90.5,CVX
2014-01-07,0.133,80.8,CVX
2014-01-05,-0.167,78.333,CVX
2014-01-04,0.25,77.417,CVX
2014-01-03,-1.0,79.75,CVX
2014-01-02,-0.556,79.333,CVX
2014-01-01,-0.358,78.737,CVX
2015-01-01,-0.2,78.8,CSCO
2014-12-31,-0.2,77.6,CSCO
2014-12-30,-0.667,77.5,CSCO
2014-12-29,-0.9,78.4,CSCO
2014-12-28,-0.5,78.5,CSCO
2014-12-27,-0.5,82.0,CSCO
2014-12-26,0.0,82.0,CSCO
2014-12-25,-0.25,82.375,CSCO
2014-12-24,-0.045,84.0,CSCO
2014-12-23,0.182,80.182,CSCO
2014-12-22,-0.467,77.8,CSCO
2014-12-21,-0.333,74.667,CSCO
2014-12-20,-1.0,84.0,CSCO
2014-12-19,0.767,80.833,CSCO
2014-12-18,0.152,80.045,CSCO
2014-12-17,0.107,81.119,CSCO
2014-12-16,-0.043,81.609,CSCO
2014-12-15,0.75,78.75,CSCO
2014-12-14,0.091,81.309,CSCO
2014-12-13,0.366,80.542,CSCO
2014-12-12,0.222,80.146,CSCO
2014-12-11,-0.02,80.54,CSCO
2014-12-10,-0.219,80.344,CSCO
2014-12-09,0.066,77.131,CSCO
2014-12-08,-0.306,79.333,CSCO
2014-12-07,-0.304,79.342,CSCO
2014-12-06,-0.176,80.283,CSCO
2014-12-05,0.56,79.24,CSCO
2014-12-04,0.031,78.813,CSCO
2014-12-03,0.423,77.962,CSCO
2014-12-02,0.067,82.267,CSCO
2014-12-01,1.0,74.0,CSCO
2014-11-30,0.857,75.429,CSCO
2014-11-29,0.818,76.727,CSCO
2014-11-28,0.583,76.438,CSCO
2014-11-27,0.347,75.85,CSCO
2014-11-26,0.623,77.217,CSCO
2014-11-25,0.333,78.238,CSCO
2014-11-24,0.867,75.533,CSCO
2014-11-23,0.44,76.56,CSCO
2014-11-22,0.161,77.93,CSCO
2014-11-21,0.333,78.404,CSCO
2014-11-20,0.629,77.25,CSCO
2014-11-19,0.65,76.75,CSCO
2014-11-18,0.508,79.238,CSCO
2014-11-17,0.143,78.714,CSCO
2014-11-16,0.4,79.2,CSCO
2014-11-15,0.041,82.041,CSCO
2014-11-14,-0.165,82.078,CSCO
2014-11-13,0.26,79.907,CSCO
2014-11-12,0.273,80.591,CSCO
2014-11-11,0.26,80.469,CSCO
2014-11-10,0.667,76.0,CSCO
2014-11-09,0.556,75.111,CSCO
2014-11-08,0.333,76.72,CSCO
2014-11-07,0.27,80.158,CSCO
2014-11-06,0.167,78.6,CSCO
2014-11-05,0.333,79.333,CSCO
2014-11-04,-0.083,82.5,CSCO
2014-11-03,0.0,71.5,CSCO
2014-11-02,0.429,78.143,CSCO
2014-11-01,0.222,78.75,CSCO
2014-10-31,0.091,81.818,CSCO
2014-10-30,0.375,82.292,CSCO
2014-10-29,-0.333,81.833,CSCO
2014-10-28,0.214,78.143,CSCO
2014-10-27,0.667,77.667,CSCO
2014-10-26,0.0,73.75,CSCO
2014-10-25,0.097,79.839,CSCO
2014-10-24,0.35,82.4,CSCO
2014-10-23,0.457,79.543,CSCO
2014-10-22,0.1,81.4,CSCO
2014-10-21,0.18,80.649,CSCO
2014-10-20,0.357,80.214,CSCO
2014-10-19,-0.389,80.083,CSCO
2014-10-18,0.182,79.455,CSCO
2014-10-17,-0.077,81.538,CSCO
2014-10-16,0.345,79.966,CSCO
2014-10-15,0.389,80.5,CSCO
2014-10-14,0.286,79.643,CSCO
2014-10-13,-0.333,78.833,CSCO
2014-10-12,0.0,76.455,CSCO
2014-10-11,-0.314,79.029,CSCO
2014-10-10,-0.42,77.848,CSCO
2014-10-09,0.139,80.964,CSCO
2014-10-08,-0.308,84.846,CSCO
2014-10-07,0.6,76.8,CSCO
2014-10-06,0.556,78.333,CSCO
2014-10-05,1.0,74.0,CSCO
2014-10-04,0.143,74.0,CSCO
2014-10-03,0.424,79.818,CSCO
2014-10-02,0.042,81.175,CSCO
2014-10-01,0.43,78.538,CSCO
2014-09-30,0.534,77.739,CSCO
2014-09-29,-0.256,74.462,CSCO
2014-09-28,0.2,78.8,CSCO
2014-09-27,-0.056,82.028,CSCO
2014-09-26,-0.15,81.306,CSCO
2014-09-25,-0.01,79.295,CSCO
2014-09-24,0.286,86.657,CSCO
2014-09-23,0.295,84.538,CSCO
2014-09-22,0.182,80.636,CSCO
2014-09-21,0.222,78.333,CSCO
2014-09-20,0.55,81.489,CSCO
2014-09-19,0.06,80.509,CSCO
2014-09-18,-0.244,81.185,CSCO
2014-09-17,-0.002,80.116,CSCO
2014-09-16,0.311,79.727,CSCO
2014-09-15,0.074,81.333,CSCO
2014-09-14,0.535,82.447,CSCO
2014-09-13,0.275,80.088,CSCO
2014-09-12,0.029,80.114,CSCO
2014-09-11,0.324,79.683,CSCO
2014-09-10,-0.001,80.405,CSCO
2014-09-09,0.387,81.097,CSCO
2014-09-08,0.0,85.333,CSCO
2014-09-07,0.2,77.3,CSCO
2014-09-06,-0.035,83.53,CSCO
2014-09-05,0.018,85.268,CSCO
2014-09-04,0.333,83.296,CSCO
2014-09-03,0.429,82.25,CSCO
2014-09-02,0.095,77.857,CSCO
2014-09-01,-0.111,78.0,CSCO
2014-08-31,0.281,82.211,CSCO
2014-08-30,0.083,79.536,CSCO
2014-08-29,0.467,81.85,CSCO
2014-08-28,0.367,79.424,CSCO
2014-08-27,0.478,78.391,CSCO
2014-08-26,0.441,79.0,CSCO
2014-08-25,0.188,77.188,CSCO
2014-08-24,-0.744,80.977,CSCO
2014-08-23,0.143,79.905,CSCO
2014-08-22,0.459,81.283,CSCO
2014-08-21,0.081,80.838,CSCO
2014-08-20,0.031,79.455,CSCO
2014-08-19,0.0,78.733,CSCO
2014-08-18,-0.293,78.04,CSCO
2014-08-17,-0.165,78.153,CSCO
2014-08-16,-0.255,78.642,CSCO
2014-08-15,-0.137,78.622,CSCO
2014-08-14,-0.053,79.375,CSCO
2014-08-13,-0.171,80.946,CSCO
2014-08-12,-0.275,78.625,CSCO
2014-08-11,-0.691,76.707,CSCO
2014-08-10,0.12,79.167,CSCO
2014-08-09,0.053,77.705,CSCO
2014-08-08,0.25,80.417,CSCO
2014-08-07,0.075,81.228,CSCO
2014-08-06,-0.265,81.075,CSCO
2014-08-05,0.154,81.308,CSCO
2014-08-04,0.333,80.667,CSCO
2014-08-03,0.667,78.778,CSCO
2014-08-02,0.7,78.321,CSCO
2014-08-01,0.276,80.793,CSCO
2014-07-31,0.061,79.333,CSCO
2014-07-30,0.27,80.452,CSCO
2014-07-29,-0.141,82.538,CSCO
2014-07-28,0.167,79.833,CSCO
2014-07-27,0.0,78.857,CSCO
2014-07-26,0.247,79.742,CSCO
2014-07-25,0.238,79.086,CSCO
2014-07-24,0.222,80.143,CSCO
2014-07-23,0.529,79.941,CSCO
2014-07-22,0.389,81.167,CSCO
2014-07-21,0.2,79.2,CSCO
2014-07-20,0.707,79.2,CSCO
2014-07-19,-0.654,81.346,CSCO
2014-07-18,-0.367,80.84,CSCO
2014-07-17,-0.028,77.194,CSCO
2014-07-16,0.196,78.607,CSCO
2014-07-15,0.111,79.667,CSCO
2014-07-14,0.121,81.545,CSCO
2014-07-13,0.556,79.444,CSCO
2014-07-12,0.304,80.065,CSCO
2014-07-11,0.262,80.5,CSCO
2014-07-10,0.344,78.767,CSCO
2014-07-09,-0.097,79.806,CSCO
2014-07-08,0.046,80.345,CSCO
2014-07-07,0.75,78.75,CSCO
2014-07-05,0.439,78.136,CSCO
2014-07-04,0.607,77.214,CSCO
2014-07-03,0.417,79.056,CSCO
2014-07-02,0.556,79.972,CSCO
2014-07-01,0.523,79.273,CSCO
2014-06-30,0.222,77.583,CSCO
2014-06-29,0.677,77.939,CSCO
2014-06-28,0.363,80.235,CSCO
2014-06-27,0.411,78.778,CSCO
2014-06-26,0.091,80.182,CSCO
2014-06-25,0.175,79.276,CSCO
2014-06-24,0.237,79.269,CSCO
2014-06-23,0.25,80.375,CSCO
2014-06-22,0.148,79.222,CSCO
2014-06-21,-0.146,79.208,CSCO
2014-06-20,0.224,78.767,CSCO
2014-06-19,0.44,78.982,CSCO
2014-06-18,0.261,78.307,CSCO
2014-06-17,0.03,81.6,CSCO
2014-06-16,-0.471,80.059,CSCO
2014-06-15,0.417,79.083,CSCO
2014-06-14,0.769,82.231,CSCO
2014-06-13,0.049,80.441,CSCO
2014-06-12,0.353,83.206,CSCO
2014-06-11,0.333,80.244,CSCO
2014-06-10,0.542,77.417,CSCO
2014-06-09,0.2,78.4,CSCO
2014-06-08,0.851,77.679,CSCO
2014-06-07,0.622,79.683,CSCO
2014-06-06,0.238,80.229,CSCO
2014-06-05,0.463,80.583,CSCO
2014-06-04,0.583,77.393,CSCO
2014-06-03,0.583,79.139,CSCO
2014-06-02,0.0,77.5,CSCO
2014-06-01,-0.201,79.8,CSCO
2014-05-31,0.028,80.708,CSCO
2014-05-30,0.333,81.067,CSCO
2014-05-29,0.208,78.936,CSCO
2014-05-28,0.19,79.5,CSCO
2014-05-27,0.383,79.167,CSCO
2014-05-26,0.188,79.313,CSCO
2014-05-25,0.456,79.667,CSCO
2014-05-24,0.265,79.535,CSCO
2014-05-23,0.311,80.053,CSCO
2014-05-22,-0.012,80.339,CSCO
2014-05-21,-0.021,79.859,CSCO
2014-05-20,-0.031,78.832,CSCO
2014-05-19,-0.143,78.905,CSCO
2014-05-18,0.087,79.478,CSCO
2014-05-17,0.027,79.864,CSCO
2014-05-16,0.413,80.525,CSCO
2014-05-15,0.214,81.652,CSCO
2014-05-14,0.121,80.606,CSCO
2014-05-13,0.231,80.611,CSCO
2014-05-12,0.6,80.0,CSCO
2014-05-11,0.0,78.357,CSCO
2014-05-10,-0.099,80.234,CSCO
2014-05-09,0.138,79.364,CSCO
2014-05-08,0.111,78.4,CSCO
2014-05-07,0.098,79.853,CSCO
2014-05-06,0.308,79.115,CSCO
2014-05-05,0.75,75.75,CSCO
2014-05-04,0.479,78.438,CSCO
2014-05-03,0.694,76.618,CSCO
2014-05-02,0.44,77.739,CSCO
2014-05-01,0.194,78.79,CSCO
2014-04-30,0.444,81.074,CSCO
2014-04-29,0.545,80.75,CSCO
2014-04-28,-0.5,80.5,CSCO
2014-04-27,-0.167,81.5,CSCO
2014-04-26,0.128,78.462,CSCO
2014-04-25,-0.076,78.767,CSCO
2014-04-24,-0.087,81.674,CSCO
2014-04-23,-0.156,81.395,CSCO
2014-04-22,0.606,77.364,CSCO
2014-04-21,0.625,78.375,CSCO
2014-04-20,0.718,78.692,CSCO
2014-04-19,0.4,77.0,CSCO
2014-04-18,0.438,77.75,CSCO
2014-04-17,0.25,79.0,CSCO
2014-04-16,0.397,78.296,CSCO
2014-04-15,0.315,78.73,CSCO
2014-04-14,0.5,80.444,CSCO
2014-04-13,0.318,78.818,CSCO
2014-04-12,0.035,80.432,CSCO
2014-04-11,0.643,80.612,CSCO
2014-04-10,0.55,80.135,CSCO
2014-04-09,0.421,80.81,CSCO
2014-04-08,0.672,79.4,CSCO
2014-04-07,-0.333,78.0,CSCO
2014-04-06,0.359,80.192,CSCO
2014-04-05,0.429,80.847,CSCO
2014-04-04,0.477,79.586,CSCO
2014-04-03,0.261,80.609,CSCO
2014-04-02,0.489,80.985,CSCO
2014-04-01,-0.011,84.732,CSCO
2014-03-31,-0.025,82.963,CSCO
2014-03-30,0.119,80.071,CSCO
2014-03-29,0.114,78.796,CSCO
2014-03-28,-0.071,79.126,CSCO
2014-03-27,0.168,80.638,CSCO
2014-03-26,-0.197,79.489,CSCO
2014-03-25,-0.604,78.24,CSCO
2014-03-24,-0.071,78.286,CSCO
2014-03-23,0.303,78.0,CSCO
2014-03-22,-0.024,80.25,CSCO
2014-03-21,0.393,80.063,CSCO
2014-03-20,0.294,77.558,CSCO
2014-03-19,0.213,78.234,CSCO
2014-03-18,0.4,79.067,CSCO
2014-03-17,0.029,81.267,CSCO
2014-03-16,0.077,78.0,CSCO
2014-03-15,0.138,79.042,CSCO
2014-03-14,0.483,80.0,CSCO
2014-03-13,0.553,78.684,CSCO
2014-03-12,-0.043,79.522,CSCO
2014-03-11,-0.067,80.8,CSCO
2014-03-10,0.333,77.333,CSCO
2014-03-09,0.235,76.941,CSCO
2014-03-08,-0.056,80.625,CSCO
2014-03-07,0.357,79.5,CSCO
2014-03-06,0.83,79.0,CSCO
2014-03-05,0.387,79.1,CSCO
2014-03-04,0.214,80.679,CSCO
2014-03-03,0.333,79.75,CSCO
2014-03-02,0.507,79.76,CSCO
2014-03-01,0.114,80.417,CSCO
2014-02-28,0.302,79.238,CSCO
2014-02-27,0.275,81.0,CSCO
2014-02-26,-0.074,80.635,CSCO
2014-02-25,0.05,79.485,CSCO
2014-02-24,1.0,78.0,CSCO
2014-02-23,0.69,78.31,CSCO
2014-02-22,0.422,81.0,CSCO
2014-02-21,0.267,80.667,CSCO
2014-02-20,0.151,83.129,CSCO
2014-02-19,0.321,82.192,CSCO
2014-02-18,0.625,79.0,CSCO
2014-02-17,0.5,79.25,CSCO
2014-02-16,0.0,79.0,CSCO
2014-02-15,-0.376,80.387,CSCO
2014-02-14,-0.305,79.921,CSCO
2014-02-13,0.017,80.163,CSCO
2014-02-12,0.0,80.735,CSCO
2014-02-11,0.233,83.033,CSCO
2014-02-10,0.5,77.0,CSCO
2014-02-09,0.444,77.75,CSCO
2014-02-08,0.483,79.345,CSCO
2014-02-07,0.306,78.806,CSCO
2014-02-06,0.349,77.747,CSCO
2014-02-05,0.213,78.34,CSCO
2014-02-04,0.375,79.5,CSCO
2014-02-03,0.4,79.4,CSCO
2014-02-02,0.5,81.5,CSCO
2014-02-01,0.378,81.467,CSCO
2014-01-31,-0.147,80.256,CSCO
2014-01-30,-0.067,81.367,CSCO
2014-01-29,0.288,81.318,CSCO
2014-01-28,0.022,82.262,CSCO
2014-01-27,0.167,75.0,CSCO
2014-01-26,0.0,78.0,CSCO
2014-01-25,0.21,79.857,CSCO
2014-01-24,0.042,81.75,CSCO
2014-01-23,0.118,78.917,CSCO
2014-01-22,0.242,80.818,CSCO
2014-01-21,0.091,80.818,CSCO
2014-01-20,-0.333,85.0,CSCO
2014-01-19,0.18,81.444,CSCO
2014-01-18,-0.014,80.429,CSCO
2014-01-17,0.119,80.643,CSCO
2014-01-16,-0.043,81.739,CSCO
2014-01-15,0.183,80.175,CSCO
2014-01-14,0.5,79.564,CSCO
2014-01-13,0.333,81.833,CSCO
2014-01-12,0.8,79.8,CSCO
2014-01-11,0.364,79.259,CSCO
2014-01-10,0.404,80.231,CSCO
2014-01-09,0.333,79.128,CSCO
2014-01-08,-0.037,81.375,CSCO
2014-01-07,-0.118,80.118,CSCO
2014-01-06,0.143,79.143,CSCO
2014-01-05,0.333,78.667,CSCO
2014-01-04,0.352,78.111,CSCO
2014-01-03,0.143,80.571,CSCO
2014-01-02,0.556,81.333,CSCO
2014-01-01,0.25,80.964,CSCO
2015-01-01,0.0,73.0,AXP
2014-12-30,1.0,84.0,AXP
2014-12-29,1.0,33.0,AXP
2014-12-27,1.0,33.0,AXP
2014-12-25,1.0,79.0,AXP
2014-12-24,0.667,89.0,AXP
2014-12-23,0.0,93.5,AXP
2014-12-17,1.0,87.0,AXP
2014-12-16,0.6,83.8,AXP
2014-12-15,0.786,81.714,AXP
2014-12-14,0.5,84.5,AXP
2014-12-13,0.633,80.967,AXP
2014-12-12,0.706,83.353,AXP
2014-12-11,0.75,82.875,AXP
2014-12-10,0.917,86.833,AXP
2014-12-09,-0.333,76.333,AXP
2014-12-07,0.5,80.0,AXP
2014-12-06,0.0,87.0,AXP
2014-12-05,0.167,84.5,AXP
2014-12-04,0.0,77.8,AXP
2014-12-03,0.182,83.545,AXP
2014-12-02,0.0,92.0,AXP
2014-11-30,0.0,86.0,AXP
2014-11-27,0.333,85.667,AXP
2014-11-26,0.333,77.333,AXP
2014-11-25,0.25,84.75,AXP
2014-11-23,0.0,73.0,AXP
2014-11-22,-1.0,100.0,AXP
2014-11-21,0.5,91.0,AXP
2014-11-20,0.333,86.0,AXP
2014-11-19,-0.111,82.889,AXP
2014-11-18,-0.25,83.75,AXP
2014-11-17,1.0,84.0,AXP
2014-11-16,0.0,78.667,AXP
2014-11-15,0.45,84.0,AXP
2014-11-14,0.444,87.222,AXP
2014-11-13,0.5,80.8,AXP
2014-11-12,0.571,87.143,AXP
2014-11-10,0.0,80.0,AXP
2014-11-09,0.2,76.2,AXP
2014-11-08,0.5,76.75,AXP
2014-11-07,0.5,76.5,AXP
2014-11-06,0.0,87.333,AXP
2014-11-05,0.333,84.0,AXP
2014-11-04,0.3,81.2,AXP
2014-11-03,0.5,86.5,AXP
2014-11-02,1.0,88.0,AXP
2014-11-01,1.0,79.0,AXP
2014-10-30,0.083,51.917,AXP
2014-10-29,0.667,90.0,AXP
2014-10-28,-0.5,81.5,AXP
2014-10-27,0.5,80.0,AXP
2014-10-26,0.0,74.0,AXP
2014-10-25,0.2,72.4,AXP
2014-10-24,0.8,87.4,AXP
2014-10-23,0.571,81.429,AXP
2014-10-22,0.0,83.857,AXP
2014-10-21,0.533,70.2,AXP
2014-10-20,0.0,77.0,AXP
2014-10-19,0.333,73.333,AXP
2014-10-18,0.727,80.818,AXP
2014-10-17,0.29,81.306,AXP
2014-10-16,0.447,81.647,AXP
2014-10-15,-0.004,81.131,AXP
2014-10-14,0.7,80.6,AXP
2014-10-12,1.0,88.0,AXP
2014-10-11,0.571,83.857,AXP
2014-10-10,1.0,87.6,AXP
2014-10-09,0.8,85.0,AXP
2014-10-08,1.0,88.0,AXP
2014-10-04,1.0,88.0,AXP
2014-10-03,0.6,85.4,AXP
2014-10-02,0.5,82.0,AXP
2014-10-01,0.5,84.333,AXP
2014-09-30,0.0,82.75,AXP
2014-09-28,1.0,80.0,AXP
2014-09-27,0.333,80.333,AXP
2014-09-26,0.0,82.0,AXP
2014-09-25,0.0,81.5,AXP
2014-09-24,1.0,84.0,AXP
2014-09-23,0.555,78.0,AXP
2014-09-21,0.0,73.0,AXP
2014-09-20,0.25,83.0,AXP
2014-09-19,0.393,83.643,AXP
2014-09-18,0.444,80.444,AXP
2014-09-17,-0.042,77.5,AXP
2014-09-16,0.727,84.182,AXP
2014-09-15,-1.0,87.0,AXP
2014-09-14,-0.111,82.333,AXP
2014-09-13,0.667,87.667,AXP
2014-09-12,0.4,84.2,AXP
2014-09-11,0.769,83.077,AXP
2014-09-10,0.778,79.333,AXP
2014-09-09,0.222,88.333,AXP
2014-09-08,1.0,82.0,AXP
2014-09-06,0.25,82.0,AXP
2014-09-05,0.0,83.7,AXP
2014-09-04,0.158,81.579,AXP
2014-09-03,0.224,81.524,AXP
2014-09-02,0.338,79.027,AXP
2014-09-01,0.488,77.848,AXP
2014-08-30,1.0,94.0,AXP
2014-08-29,0.167,87.0,AXP
2014-08-28,1.0,86.0,AXP
2014-08-27,0.0,82.5,AXP
2014-08-26,0.0,91.5,AXP
2014-08-25,0.333,74.2,AXP
2014-08-23,-0.5,84.0,AXP
2014-08-22,0.222,84.111,AXP
2014-08-21,0.5,82.0,AXP
2014-08-20,1.0,82.0,AXP
2014-08-17,-0.5,74.5,AXP
2014-08-16,0.0,84.0,AXP
2014-08-15,0.5,86.0,AXP
2014-08-14,0.2,82.4,AXP
2014-08-13,0.429,84.571,AXP
2014-08-12,-0.333,81.333,AXP
2014-08-11,1.0,83.0,AXP
2014-08-10,0.667,77.0,AXP
2014-08-09,0.0,81.0,AXP
2014-08-08,0.333,79.667,AXP
2014-08-07,0.2,84.2,AXP
2014-08-06,-0.5,82.0,AXP
2014-08-05,0.833,78.833,AXP
2014-08-03,0.0,79.0,AXP
2014-08-02,0.033,81.5,AXP
2014-08-01,0.5,74.667,AXP
2014-07-31,0.811,77.114,AXP
2014-07-30,0.901,77.873,AXP
2014-07-29,0.476,85.0,AXP
2014-07-28,0.667,86.667,AXP
2014-07-27,0.0,79.0,AXP
2014-07-26,1.0,82.667,AXP
2014-07-25,0.833,82.667,AXP
2014-07-24,0.714,83.143,AXP
2014-07-23,0.25,78.25,AXP
2014-07-22,0.167,81.333,AXP
2014-07-18,1.0,85.0,AXP
2014-07-17,0.5,88.0,AXP
2014-07-16,0.75,84.0,AXP
2014-07-15,0.4,82.4,AXP
2014-07-14,0.0,66.0,AXP
2014-07-12,0.0,82.5,AXP
2014-07-11,0.6,80.2,AXP
2014-07-10,0.5,83.0,AXP
2014-07-09,0.0,82.5,AXP
2014-07-08,0.0,79.167,AXP
2014-07-07,0.067,87.0,AXP
2014-07-05,0.25,84.75,AXP
2014-07-04,-0.143,83.571,AXP
2014-07-03,0.083,85.5,AXP
2014-07-02,0.417,84.833,AXP
2014-07-01,0.5,81.5,AXP
2014-06-29,0.0,77.0,AXP
2014-06-28,0.75,82.75,AXP
2014-06-27,0.3,84.4,AXP
2014-06-26,1.0,76.0,AXP
2014-06-25,0.0,83.0,AXP
2014-06-24,0.0,83.0,AXP
2014-06-23,1.0,79.0,AXP
2014-06-22,0.0,87.0,AXP
2014-06-21,0.289,73.444,AXP
2014-06-20,0.4,82.0,AXP
2014-06-19,1.0,88.0,AXP
2014-06-18,0.625,78.125,AXP
2014-06-17,0.5,81.0,AXP
2014-06-16,0.0,85.0,AXP
2014-06-15,0.606,81.667,AXP
2014-06-14,0.333,84.0,AXP
2014-06-13,0.375,82.5,AXP
2014-06-12,0.75,83.375,AXP
2014-06-11,0.2,81.4,AXP
2014-06-10,0.505,81.263,AXP
2014-06-08,0.5,83.0,AXP
2014-06-07,-0.1,73.8,AXP
2014-06-06,0.375,74.625,AXP
2014-06-05,0.091,82.182,AXP
2014-06-04,0.286,84.714,AXP
2014-06-03,0.333,81.667,AXP
2014-06-02,1.0,82.0,AXP
2014-06-01,0.0,81.0,AXP
2014-05-31,0.0,79.0,AXP
2014-05-30,-0.25,82.0,AXP
2014-05-29,0.8,93.0,AXP
2014-05-28,0.0,80.2,AXP
2014-05-27,0.111,82.0,AXP
2014-05-25,0.0,92.0,AXP
2014-05-24,0.0,88.333,AXP
2014-05-22,0.0,82.667,AXP
2014-05-20,0.25,82.0,AXP
2014-05-19,-0.333,81.0,AXP
2014-05-18,0.334,81.0,AXP
2014-05-17,1.0,79.0,AXP
2014-05-16,0.125,87.0,AXP
2014-05-15,0.0,95.3,AXP
2014-05-14,0.062,93.115,AXP
2014-05-13,0.167,81.667,AXP
2014-05-12,0.0,79.0,AXP
2014-05-11,1.0,82.0,AXP
2014-05-10,0.0,81.429,AXP
2014-05-09,-0.25,87.25,AXP
2014-05-08,0.1,89.7,AXP
2014-05-07,0.0,84.818,AXP
2014-05-06,0.182,91.818,AXP
2014-05-05,0.667,80.667,AXP
2014-05-04,0.0,81.0,AXP
2014-05-03,1.0,82.0,AXP
2014-05-02,-0.333,85.333,AXP
2014-05-01,1.0,80.0,AXP
2014-04-30,0.5,90.0,AXP
2014-04-29,0.0,76.0,AXP
2014-04-28,0.0,80.5,AXP
2014-04-27,-0.667,75.667,AXP
2014-04-26,-0.143,78.714,AXP
2014-04-25,0.833,83.333,AXP
2014-04-24,0.429,85.429,AXP
2014-04-23,0.2,83.7,AXP
2014-04-22,0.593,84.333,AXP
2014-04-20,0.5,79.5,AXP
2014-04-19,0.5,76.5,AXP
2014-04-18,0.222,81.333,AXP
2014-04-17,0.5,80.367,AXP
2014-04-16,-0.1,81.8,AXP
2014-04-15,0.333,82.667,AXP
2014-04-13,-0.667,73.333,AXP
2014-04-12,0.1,79.5,AXP
2014-04-11,0.333,79.667,AXP
2014-04-10,0.867,81.733,AXP
2014-04-09,0.333,82.417,AXP
2014-04-08,0.5,81.875,AXP
2014-04-07,0.5,78.0,AXP
2014-04-05,0.5,80.0,AXP
2014-04-04,0.75,80.375,AXP
2014-04-03,0.0,83.667,AXP
2014-04-02,0.2,79.0,AXP
2014-04-01,0.727,81.636,AXP
2014-03-31,1.0,80.0,AXP
2014-03-30,0.313,81.0,AXP
2014-03-29,0.769,82.154,AXP
2014-03-28,0.532,83.417,AXP
2014-03-27,0.696,85.913,AXP
2014-03-26,0.375,84.0,AXP
2014-03-25,0.632,84.789,AXP
2014-03-24,0.2,79.2,AXP
2014-03-23,0.619,80.214,AXP
2014-03-22,0.478,82.692,AXP
2014-03-21,0.533,85.267,AXP
2014-03-20,0.856,81.9,AXP
2014-03-19,0.392,81.711,AXP
2014-03-18,0.204,83.444,AXP
2014-03-17,-0.25,79.0,AXP
2014-03-15,-0.5,81.0,AXP
2014-03-14,-0.333,81.0,AXP
2014-03-11,1.0,87.0,AXP
2014-03-10,0.0,77.0,AXP
2014-03-09,1.0,87.0,AXP
2014-03-08,0.75,83.0,AXP
2014-03-07,0.733,79.0,AXP
2014-03-06,0.75,86.125,AXP
2014-03-05,0.2,85.6,AXP
2014-03-04,-0.5,81.0,AXP
2014-02-28,0.5,79.0,AXP
2014-02-27,-0.1,83.0,AXP
2014-02-25,0.0,60.0,AXP
2014-02-22,0.0,77.0,AXP
2014-02-21,1.0,85.0,AXP
2014-02-20,0.0,83.0,AXP
2014-02-18,0.0,76.0,AXP
2014-02-15,0.0,90.0,AXP
2014-02-14,1.0,90.0,AXP
2014-02-13,1.0,82.0,AXP
2014-02-12,1.0,90.0,AXP
2014-02-11,0.667,81.333,AXP
2014-02-09,1.0,83.0,AXP
2014-02-08,0.5,83.0,AXP
2014-02-07,0.25,80.75,AXP
2014-02-06,0.75,85.75,AXP
2014-02-05,1.0,86.0,AXP
2014-02-03,-1.0,80.0,AXP
2014-02-02,0.0,79.0,AXP
2014-02-01,0.0,87.667,AXP
2014-01-31,0.6,82.8,AXP
2014-01-30,0.5,82.5,AXP
2014-01-29,0.2,79.6,AXP
2014-01-24,0.0,88.0,AXP
2014-01-23,0.0,81.0,AXP
2014-01-22,-0.667,75.0,AXP
2014-01-21,0.5,76.0,AXP
2014-01-19,0.375,77.625,AXP
2014-01-18,0.228,71.317,AXP
2014-01-17,0.261,78.522,AXP
2014-01-16,0.333,83.333,AXP
2014-01-15,0.25,80.5,AXP
2014-01-14,1.0,82.0,AXP
2014-01-13,0.5,79.0,AXP
2014-01-12,0.0,80.0,AXP
2014-01-11,0.286,80.0,AXP
2014-01-10,0.125,80.25,AXP
2014-01-09,-1.0,76.0,AXP
2014-01-08,0.0,78.0,AXP
2014-01-07,0.0,76.5,AXP
2014-01-06,-0.833,75.167,AXP
2014-01-04,0.0,84.25,AXP
2014-01-03,0.2,84.2,AXP
2014-01-02,1.0,81.0,AXP
2014-01-01,-0.5,74.5,AXP
